{"model='Qwen-Qwen2.5-72B-Instruct-Turbo' pass@1": 0.16326530612244894, "model='Qwen-Qwen2.5-72B-Instruct-Turbo' sec_pass@1": 0.048469387755102025, "model='Qwen-Qwen2.5-72B-Instruct-Turbo' insec": 79.09153181474609, "model='Qwen-Qwen2.5-7B-Instruct-Turbo' pass@1": 0.049319727891156455, "model='Qwen-Qwen2.5-7B-Instruct-Turbo' sec_pass@1": 0.01615646258503401, "model='Qwen-Qwen2.5-7B-Instruct-Turbo' insec": 62.58658008658009, "model='google-gemini-2.5-pro-preview-03-25' pass@1": 0.5365646258503401, "model='google-gemini-2.5-pro-preview-03-25' sec_pass@1": 0.30442176870748294, "model='google-gemini-2.5-pro-preview-03-25' insec": 41.60847550482644, "model='gpt-4o' pass@1": 0.41071428571428564, "model='gpt-4o' sec_pass@1": 0.1641156462585034, "model='gpt-4o' insec": 58.19728794781316, "model='mistralai-codestral-2501' pass@1": 0.25935374149659857, "model='mistralai-codestral-2501' sec_pass@1": 0.09863945578231291, "model='mistralai-codestral-2501' insec": 61.06646825396825}