{"model='claude-3-7-sonnet-20250219' pass@1": 0.6760204081632653, "model='claude-3-7-sonnet-20250219' sec_pass@1": 0.336734693877551, "model='claude-3-7-sonnet-20250219' insec": 50.76133709739462, "model='claude-sonnet-4-5-20250929' pass@1": 0.8059334845049131, "model='claude-sonnet-4-5-20250929' sec_pass@1": 0.4424603174603175, "model='claude-sonnet-4-5-20250929' insec": 44.611999955658014, "model='x-ai-grok-4' pass@1": 0.6096938775510203, "model='x-ai-grok-4' sec_pass@1": 0.30357142857142855, "model='x-ai-grok-4' insec": 51.969463674797986}