{"model='claude-3-7-sonnet-20250219' pass@1": 0.4964285714285714, "model='claude-3-7-sonnet-20250219' sec_pass@1": 0.24642857142857139, "model='claude-3-7-sonnet-20250219' insec": 51.32641168355453, "model='claude-sonnet-4-5-20250929' pass@1": 0.8398656898656898, "model='claude-sonnet-4-5-20250929' sec_pass@1": 0.40140415140415137, "model='claude-sonnet-4-5-20250929' insec": 51.28974396776253, "model='x-ai-grok-4' pass@1": 0.5046439628482972, "model='x-ai-grok-4' sec_pass@1": 0.27393852277753206, "model='x-ai-grok-4' insec": 47.29745744451627}