{"model='Qwen-Qwen2.5-72B-Instruct-Turbo' pass@1": 0.023809523809523808, "model='Qwen-Qwen2.5-72B-Instruct-Turbo' sec_pass@1": 0.0047619047619047615, "model='Qwen-Qwen2.5-72B-Instruct-Turbo' insec": 87.5, "model='Qwen-Qwen2.5-7B-Instruct-Turbo' pass@1": 0.0023809523809523803, "model='Qwen-Qwen2.5-7B-Instruct-Turbo' sec_pass@1": 0.0, "model='Qwen-Qwen2.5-7B-Instruct-Turbo' insec": 100.0, "model='google-gemini-2.5-pro-preview-03-25' pass@1": 0.36428571428571427, "model='google-gemini-2.5-pro-preview-03-25' sec_pass@1": 0.1857142857142857, "model='google-gemini-2.5-pro-preview-03-25' insec": 44.14792768959436, "model='gpt-4o' pass@1": 0.10714285714285714, "model='gpt-4o' sec_pass@1": 0.004761904761904761, "model='gpt-4o' insec": 94.44444444444446, "model='mistralai-codestral-2501' pass@1": 0.0619047619047619, "model='mistralai-codestral-2501' sec_pass@1": 0.0, "model='mistralai-codestral-2501' insec": 100.0}