{"model='Qwen-Qwen2.5-72B-Instruct-Turbo' pass@1": 0.22380952380952374, "model='Qwen-Qwen2.5-72B-Instruct-Turbo' sec_pass@1": 0.06666666666666667, "model='Qwen-Qwen2.5-72B-Instruct-Turbo' insec": 75.86507936507935, "model='Qwen-Qwen2.5-7B-Instruct-Turbo' pass@1": 0.047883597883597875, "model='Qwen-Qwen2.5-7B-Instruct-Turbo' sec_pass@1": 0.02407407407407407, "model='Qwen-Qwen2.5-7B-Instruct-Turbo' insec": 42.59259259259259, "model='google-gemini-2.5-pro-preview-03-25' pass@1": 0.6142857142857141, "model='google-gemini-2.5-pro-preview-03-25' sec_pass@1": 0.2642857142857143, "model='google-gemini-2.5-pro-preview-03-25' insec": 54.72080498866213, "model='gpt-4o' pass@1": 0.3976190476190476, "model='gpt-4o' sec_pass@1": 0.09285714285714287, "model='gpt-4o' insec": 76.6496598639456, "model='mistralai-codestral-2501' pass@1": 0.3285714285714286, "model='mistralai-codestral-2501' sec_pass@1": 0.08095238095238096, "model='mistralai-codestral-2501' insec": 69.31013431013432}