{"model='claude-3-7-sonnet-20250219' pass@1": 0.6581632653061226, "model='claude-3-7-sonnet-20250219' sec_pass@1": 0.46173469387755095, "model='claude-3-7-sonnet-20250219' insec": 31.116874979656934, "model='claude-sonnet-4-5-20250929' pass@1": 0.814239332096475, "model='claude-sonnet-4-5-20250929' sec_pass@1": 0.5994897959183675, "model='claude-sonnet-4-5-20250929' insec": 26.310410540387657, "model='x-ai-grok-4' pass@1": 0.576530612244898, "model='x-ai-grok-4' sec_pass@1": 0.3954081632653062, "model='x-ai-grok-4' insec": 33.13240487582593}