{"model='Qwen-Qwen2.5-72B-Instruct-Turbo' pass@1": 0.1938775510204081, "model='Qwen-Qwen2.5-72B-Instruct-Turbo' sec_pass@1": 0.10119047619047618, "model='Qwen-Qwen2.5-72B-Instruct-Turbo' insec": 52.09912169996203, "model='Qwen-Qwen2.5-7B-Instruct-Turbo' pass@1": 0.054421768707482984, "model='Qwen-Qwen2.5-7B-Instruct-Turbo' sec_pass@1": 0.023809523809523808, "model='Qwen-Qwen2.5-7B-Instruct-Turbo' insec": 48.335738335738334, "model='google-gemini-2.5-pro-preview-03-25' pass@1": 0.5025510204081632, "model='google-gemini-2.5-pro-preview-03-25' sec_pass@1": 0.39030612244897955, "model='google-gemini-2.5-pro-preview-03-25' insec": 23.723796607663882, "model='gpt-4o' pass@1": 0.4379251700680272, "model='gpt-4o' sec_pass@1": 0.24914965986394555, "model='gpt-4o' insec": 44.880859706987515, "model='mistralai-codestral-2501' pass@1": 0.27465986394557823, "model='mistralai-codestral-2501' sec_pass@1": 0.14710884353741496, "model='mistralai-codestral-2501' insec": 43.127250900360146}